,date,time,location,carrier
1,2014-07-04,17:15:00,"(40.8161391, -73.904608)",american
2,2014-07-06,12:33:00,"(40.8192885, -73.8997237)",american
3,2014-07-07,04:45:00,"(40.8152388, -73.9160874)",american
4,2014-07-09,11:54:00,"(40.81610072727273, -73.90402954545455)",american
5,2014-07-09,19:01:00,"(40.815306, -73.8987435)",american
6,2014-07-10,23:14:00,"(40.817187070719534, -73.92231603203949)",american
7,2014-07-12,01:17:00,"(40.8149317, -73.907211)",american
8,2014-07-12,01:54:00,"(40.812973306122444, -73.9184597755102)",american
9,2014-07-12,02:38:00,"(33.33006227426565, -91.28787321551796)",american
10,2014-07-12,15:48:00,"(40.8154149, -73.8960221)",american
11,2014-07-17,19:46:00,"(40.8147738, -73.9236009)",american
12,2014-07-17,19:47:00,"(40.81169615189873, -73.90245891139242)",american
13,2014-07-17,21:00:00,"(40.8105395, -73.9155132)",american
14,2014-07-18,18:52:00,"(40.80730591836735, -73.91676491836735)",american
16,2014-07-20,16:49:00,"(33.33006227426565, -91.28787321551796)",american
17,2014-07-21,22:54:00,"(40.8198037, -73.9184352)",american
18,2014-07-22,19:54:00,"(42.5077508, -70.9475558)",american
19,2014-07-23,23:51:00,"(40.8198064, -73.9230682)",american
20,2014-07-24,10:52:00,"(28.5924233, -81.3705335)",american
21,2014-07-24,15:27:00,"(40.801675, -73.917527)",american
23,2014-07-26,02:13:00,"(40.8041047, -73.9153223)",american
24,2014-07-27,03:17:00,"(40.8035647, -73.9201071)",american
25,2014-07-27,15:50:00,"(40.8125796, -73.9221866)",american
26,2014-07-28,06:17:00,"(40.81770690909091, -73.91890209090909)",american
28,2014-07-30,21:25:00,"(40.8079655, -73.9225639)",american
29,2014-07-31,12:18:00,"(40.8229281, -73.9123457)",american
30,2014-08-01,01:11:00,"(40.815363439024395, -73.91619524390244)",american
31,2014-08-02,10:00:00,"(40.8192462, -73.9113705)",american
32,2014-08-02,20:36:00,"(40.812034249999996, -73.90924914879022)",american
33,2014-08-03,07:47:00,"(40.81271675510204, -73.91778297959183)",american
34,2014-08-05,16:59:00,"(40.8163836, -73.8996173)",american
35,2014-08-06,21:52:00,"(40.80821707692308, -73.91319107692308)",american
36,2014-08-09,19:11:00,"(40.8140653, -73.9230097)",american
37,2014-08-09,21:50:00,"(37.111270198327674, -84.83704280344959)",american
38,2014-08-12,00:05:00,"(40.81357395918367, -73.91745257142857)",american
39,2014-08-13,22:07:00,"(40.8645118, -73.8967979)",american
40,2014-08-13,22:16:00,"(40.8656172, -73.9020824)",american
41,2014-08-14,11:23:00,"(40.82460365625, -73.90509171875)",american
43,2014-08-17,01:45:00,"(40.81549966666667, -73.91110933333334)",american
44,2014-08-18,06:26:00,"(40.8111947755102, -73.91798369387756)",american
45,2014-08-20,09:17:00,"(40.805673127659574, -73.92285374468085)",american
46,2014-08-21,01:00:00,"(29.393749306122448, -98.53105044897958)",american
47,2014-08-22,15:03:00,"(42.5077508, -70.9475558)",american
48,2014-08-23,03:02:00,"(40.815474, -73.9057512)",american
49,2014-08-23,15:55:00,"(40.81483795, -73.91746613083333)",american
50,2014-08-23,21:47:00,"(40.8149317, -73.907211)",american
51,2014-08-24,00:40:00,"(40.806665300000006, -73.9137759)",american
52,2014-08-26,10:40:00,"(40.808901, -73.9104987)",american
54,2014-08-26,21:30:00,"(40.8230108, -73.9055752)",american
55,2014-08-28,08:29:00,"(40.8070933, -73.915663)",american
56,2014-08-29,15:41:00,"(40.807951137931035, -73.91397962068964)",american
57,2014-08-30,01:35:00,"(40.8139211, -73.911411)",american
58,2014-08-30,13:36:00,"(40.812422850000004, -73.9066970486911)",american
60,2014-09-02,20:44:00,"(40.8089347, -73.9273681)",american
61,2014-09-03,17:22:00,"(40.80821707692308, -73.91319107692308)",american
62,2014-09-03,20:55:00,"(40.811463, -73.9217148)",american
63,2014-09-04,09:34:00,"(40.80608214893617, -73.92383570212766)",american
64,2014-09-04,20:05:00,"(40.8126583, -73.9207359)",american
65,2014-09-06,03:20:00,"(27.67512680808821, -80.43439457646815)",american
67,2014-09-07,08:55:00,"(40.8201788, -73.9200578)",american
68,2014-09-08,23:50:00,"(40.807903379310346, -73.91386720689654)",american
69,2014-09-09,20:09:00,"(40.8147738, -73.9236009)",american
70,2014-09-10,08:37:00,"(40.808371435897435, -73.91310943589744)",american
71,2014-09-11,22:21:00,"(40.811463, -73.9217148)",american
72,2014-09-12,13:27:00,"(40.818962285714285, -73.91710885714285)",american
73,2014-09-13,05:12:00,"(40.82692770212766, -73.90467423404256)",american
74,2014-09-13,10:25:00,"(40.8073888, -73.9131028)",american
75,2014-09-14,00:12:00,"(40.81493095, -73.906390675)",american
76,2014-09-14,16:51:00,"(40.8111478, -73.9168744)",american
77,2014-09-15,21:56:00,"(40.8079604, -73.91831366666668)",american
78,2014-09-16,09:23:00,"(40.81348669387755, -73.91722228571427)",american
79,2014-09-18,17:00:00,"(40.8142675, -73.9261914)",american
80,2014-09-19,20:34:00,"(40.812894980276226, -73.92764084998763)",american
81,2014-09-22,21:04:00,"(40.808371435897435, -73.91310943589744)",american
82,2014-09-26,08:45:00,"(40.80865774358975, -73.91272474358975)",american
83,2014-09-26,16:03:00,"(40.8222048, -73.9059109)",american
84,2014-09-27,01:54:00,"(40.817868000000004, -73.853939)",american
86,2014-09-27,17:29:00,"(40.8111478, -73.9168744)",american
87,2014-09-27,21:30:00,"(40.82492209375, -73.90495953125)",american
89,2014-09-28,05:39:00,"(40.8134483, -73.9153797)",american
90,2014-09-30,07:22:00,"(40.8120839, -73.9041639)",american
1,2014-07-01,17:00:00,"(40.70999235, -74.01435151334422)",carmel
4,2014-07-02,15:00:00,"(40.7641992, -73.97965110486828)",carmel
5,2014-07-03,10:00:00,"(40.711313000000004, -74.01761086746647)",carmel
7,2014-07-03,12:30:00,"(40.781724249999996, -73.97598536544676)",carmel
8,2014-07-03,17:30:00,"(39.06478787656804, -94.58288790232078)",carmel
11,2014-07-04,04:15:00,"(40.7162081, -74.0094884)",carmel
12,2014-07-05,18:00:00,"(42.8868383, -78.8631485)",carmel
13,2014-07-06,11:00:00,"(41.5263986, -73.4605022)",carmel
14,2014-07-06,14:40:00,"(39.065812, -94.58025)",carmel
16,2014-07-08,04:25:00,"(40.75925755, -73.97995686116377)",carmel
17,2014-07-08,05:45:00,"(40.707673650000004, -74.01660671651096)",carmel
18,2014-07-09,08:15:00,"(40.70695679166667, -74.016659375)",carmel
21,2014-07-09,12:00:00,"(40.7866246, -73.9792791)",carmel
26,2014-07-11,08:15:00,"(39.022265, -94.600982)",carmel
30,2014-07-12,04:30:00,"(40.7917609, -73.9725892)",carmel
35,2014-07-13,07:00:00,"(40.7083321, -74.00605638997723)",carmel
39,2014-07-14,20:55:00,"(40.7503856, -73.9766427)",carmel
40,2014-07-15,11:00:00,"(40.78210546875, -73.98168203125)",carmel
42,2014-07-15,14:45:00,"(40.7283815, -73.9953)",carmel
43,2014-07-16,07:50:00,"(47.041001, -95.444891)",carmel
45,2014-07-16,21:10:00,"(40.7588799, -73.9749741)",carmel
50,2014-07-20,10:30:00,"(46.4829797, -81.0049798)",carmel
51,2014-07-20,14:00:00,"(40.77679813636364, -73.9775625)",carmel
54,2014-07-21,11:00:00,"(40.8120101, -73.9512242)",carmel
61,2014-07-23,23:25:00,"(40.7629278, -73.9753651)",carmel
62,2014-07-24,19:30:00,"(42.6566465, -73.76521155)",carmel
64,2014-07-25,05:15:00,"(40.7203619, -73.9614992)",carmel
69,2014-07-26,19:45:00,"(40.73860365, -73.97285926047843)",carmel
70,2014-07-27,04:00:00,"(40.9083742, -73.7990672)",carmel
74,2014-07-28,05:50:00,"(40.7710889, -73.9816965)",carmel
75,2014-07-28,09:45:00,"(40.7796941, -73.98754840652174)",carmel
78,2014-07-28,22:10:00,"(40.7633581, -73.9713638)",carmel
79,2014-07-30,12:30:00,"(39.48429885403283, -78.39310434970712)",carmel
83,2014-07-31,07:30:00,"(43.6871323, -79.4585293)",carmel
85,2014-07-31,11:30:00,"(42.339034, -73.373476)",carmel
86,2014-07-31,15:00:00,"(40.7558452, -73.97561496589915)",carmel
87,2014-07-31,18:45:00,"(39.962355, -83.000205)",carmel
89,2014-08-01,06:30:00,"(40.7408533, -74.00808419428282)",carmel
91,2014-08-02,04:45:00,"(40.7604547, -73.9692957)",carmel
92,2014-08-02,16:00:00,"(40.7195736, -74.0100361)",carmel
95,2014-08-03,13:00:00,"(40.765981, -73.9541402)",carmel
99,2014-08-06,04:45:00,"(40.7408533, -74.00808419428282)",carmel
102,2014-08-07,09:45:00,"(40.7935898, -73.9746494)",carmel
103,2014-08-07,14:30:00,"(44.5158505, -63.8202403)",carmel
107,2014-08-09,23:30:00,"(40.900797, -73.792093)",carmel
108,2014-08-10,06:15:00,"(41.358477, -71.9683813)",carmel
109,2014-08-10,11:00:00,"(47.92818785714285, -100.37166877551022)",carmel
111,2014-08-11,05:45:00,"(45.347474, -69.051496)",carmel
112,2014-08-12,09:20:00,"(48.39498595574146, -93.55533068614294)",carmel
113,2014-08-12,11:45:00,"(38.91134, -94.605364)",carmel
120,2014-08-15,16:10:00,"(51.0943183, -115.35363150641004)",carmel
121,2014-08-16,08:15:00,"(40.7777184, -73.98654406310585)",carmel
123,2014-08-16,14:00:00,"(40.7477112, -73.9563172)",carmel
126,2014-08-17,12:15:00,"(40.709050343639184, -74.01603718661855)",carmel
128,2014-08-17,17:30:00,"(40.7531948, -73.96778375013017)",carmel
129,2014-08-17,19:00:00,"(40.7658781, -73.9808768)",carmel
131,2014-08-18,06:45:00,"(40.7910775, -73.968544)",carmel
139,2014-08-21,09:00:00,"(40.7704737, -73.947798)",carmel
141,2014-08-21,15:15:00,"(40.77766645, -73.98846603238228)",carmel
142,2014-08-21,17:15:00,"(40.7569369, -73.9760656)",carmel
145,2014-08-22,18:00:00,"(48.39516252278362, -93.55568675743945)",carmel
148,2014-08-24,00:30:00,"(40.84237155, -73.5529284806568)",carmel
150,2014-08-25,08:15:00,"(40.68024915, -73.97310990778708)",carmel
152,2014-08-28,18:00:00,"(40.76112555, -73.97062693376708)",carmel
154,2014-08-29,11:15:00,"(40.72434535, -73.9994158602381)",carmel
155,2014-08-29,17:05:00,"(40.7264039, -74.0072925)",carmel
156,2014-08-29,18:00:00,"(38.98101778397409, -94.58515031156502)",carmel
158,2014-08-30,10:00:00,"(40.7970793, -73.9712872)",carmel
160,2014-08-31,14:30:00,"(42.42230030769231, -71.08459579487179)",carmel
161,2014-09-01,03:30:00,"(40.8612720625, -73.92920390625)",carmel
162,2014-09-01,12:40:00,"(39.0307995, -94.5845515)",carmel
163,2014-09-01,19:30:00,"(40.7520063, -73.9697268)",carmel
171,2014-09-03,15:30:00,"(29.2217944, -81.0332853)",carmel
174,2014-09-05,11:15:00,"(40.7809547, -73.9808772)",carmel
175,2014-09-05,12:00:00,"(40.7576763, -73.9759114)",carmel
176,2014-09-05,14:00:00,"(29.681449018374767, -81.8488436806199)",carmel
177,2014-09-05,16:39:00,"(40.75062559183673, -73.983624)",carmel
179,2014-09-06,16:00:00,"(49.0383944, -122.6803043)",carmel
182,2014-09-07,04:00:00,"(41.114732849999996, -73.784136225)",carmel
183,2014-09-07,10:30:00,"(41.9713301, -73.98924983688882)",carmel
185,2014-09-08,11:00:00,"(44.3337147, -79.2181435)",carmel
191,2014-09-10,18:00:00,"(39.06458772886817, -94.58193321333196)",carmel
192,2014-09-11,04:45:00,"(40.7888301, -73.9777203)",carmel
193,2014-09-11,06:00:00,"(40.7137279, -74.0084336)",carmel
194,2014-09-11,07:26:00,"(40.7445195, -73.9904827)",carmel
199,2014-09-12,02:05:00,"(40.8002533, -73.9690642)",carmel
200,2014-09-12,06:00:00,"(40.5776384, -73.96515950232983)",carmel
201,2014-09-12,11:30:00,"(40.68919887096774, -73.93842677419354)",carmel
204,2014-09-13,13:15:00,"(40.8153974, -73.9589947)",carmel
216,2014-09-17,05:00:00,"(39.03511, -94.594906)",carmel
217,2014-09-17,07:30:00,"(40.7777226, -73.946209)",carmel
218,2014-09-17,14:30:00,"(41.55702286833139, -81.53179667470525)",carmel
229,2014-09-21,14:30:00,"(40.6897579, -73.98015)",carmel
231,2014-09-22,04:30:00,"(28.6769028, -81.5111866)",carmel
233,2014-09-22,08:45:00,"(48.427695, -89.22925691578948)",carmel
237,2014-09-23,06:00:00,"(40.71053925, -74.01699049162616)",carmel
238,2014-09-23,14:15:00,"(40.7673429, -73.9880059)",carmel
241,2014-09-24,11:15:00,"(40.7685591, -73.92680759999999)",carmel
242,2014-09-25,05:00:00,"(40.7888301, -73.9777203)",carmel
243,2014-09-25,08:00:00,"(40.7283815, -73.9953)",carmel
248,2014-09-26,11:00:00,"(40.6671945862069, -73.89578786206897)",carmel
250,2014-09-28,10:00:00,"(39.0324095, -94.58640419981631)",carmel
253,2014-09-29,04:30:00,"(42.1066837, -75.9465933)",carmel
0,2014-07-01,02:40:00,"(40.86264263636364, -73.90933445454546)",diplo
1,2014-07-01,08:51:00,"(40.883904620689655, -73.89406810344828)",diplo
2,2014-07-01,08:56:00,"(40.8481667361572, -73.92400312079975)",diplo
3,2014-07-01,21:05:00,"(38.29687408163265, -104.63002128571428)",diplo
5,2014-07-02,15:39:00,"(42.2473593, -71.1211872)",diplo
6,2014-07-02,18:00:00,"(40.8720278, -73.9002015)",diplo
7,2014-07-02,23:17:00,"(40.8584392962963, -73.90158703703703)",diplo
8,2014-07-03,08:44:00,"(40.86033721153846, -73.89956390384616)",diplo
9,2014-07-05,02:37:00,"(40.8633075, -73.9030125)",diplo
10,2014-07-05,13:48:00,"(40.867502557424636, -73.90748833553049)",diplo
12,2014-07-06,02:40:00,"(40.85459983783784, -73.883396)",diplo
14,2014-07-08,15:54:00,"(40.8580098, -73.8902007)",diplo
15,2014-07-09,20:42:00,"(40.8076924, -73.9242578)",diplo
16,2014-07-09,21:43:00,"(40.865789, -73.899074)",diplo
18,2014-07-12,22:42:00,"(42.2473593, -71.1211872)",diplo
20,2014-07-14,15:14:00,"(40.8605601, -73.9106018)",diplo
21,2014-07-15,07:06:00,"(40.8541267, -73.9037055)",diplo
22,2014-07-15,20:15:00,"(40.86651416981132, -73.90057205660378)",diplo
23,2014-07-17,11:54:00,"(40.854387571428575, -73.91601871428571)",diplo
24,2014-07-18,00:20:00,"(40.85923566666666, -73.89727533333334)",diplo
25,2014-07-18,16:21:00,"(40.871800571428565, -73.886115)",diplo
27,2014-07-21,20:18:00,"(40.8639461, -73.9070238)",diplo
29,2014-07-22,15:11:00,"(40.8596345, -73.9281751)",diplo
30,2014-07-22,20:07:00,"(44.9569188, -93.1809403)",diplo
32,2014-07-23,08:12:00,"(40.8598113, -73.9055136)",diplo
33,2014-07-23,12:54:00,"(40.84933861538462, -73.9103106923077)",diplo
34,2014-07-24,08:49:00,"(40.857768096774194, -73.89655393548388)",diplo
35,2014-07-24,22:31:00,"(40.83108175, -73.92932070833334)",diplo
38,2014-07-29,08:43:00,"(40.883904620689655, -73.89406810344828)",diplo
39,2014-07-30,21:00:00,"(40.84000241601288, -73.88343540259392)",diplo
40,2014-07-31,10:00:00,"(40.864585704545455, -73.90100106818181)",diplo
41,2014-07-31,16:00:00,"(40.860985, -73.9046508)",diplo
42,2014-08-01,19:05:00,"(41.28451547074157, -73.79351396900347)",diplo
44,2014-08-02,10:29:00,"(40.87737525, -73.88896913900714)",diplo
45,2014-08-02,21:50:00,"(40.851212375, -73.888292)",diplo
46,2014-08-03,09:30:00,"(40.87607031578947, -73.88070021052631)",diplo
49,2014-08-09,18:07:00,"(40.87737525, -73.88896913900714)",diplo
50,2014-08-10,02:01:00,"(40.8594754, -73.9052895)",diplo
51,2014-08-10,23:51:00,"(40.84144742857143, -73.92152157142857)",diplo
52,2014-08-11,13:52:00,"(42.2473593, -71.1211872)",diplo
53,2014-08-12,15:30:00,"(40.8632718, -73.8638801)",diplo
54,2014-08-12,17:06:00,"(40.861533483870964, -73.90427138709677)",diplo
56,2014-08-14,01:25:00,"(40.84257996153846, -73.91985588461539)",diplo
57,2014-08-15,06:59:00,"(40.81650933333333, -73.90978783333333)",diplo
59,2014-08-16,11:24:00,"(40.8630661, -73.9044864)",diplo
61,2014-08-17,16:02:00,"(42.2473593, -71.1211872)",diplo
62,2014-08-19,15:57:00,"(40.86019898562145, -73.91019937742415)",diplo
63,2014-08-19,23:07:00,"(41.28420112282846, -73.79372544125236)",diplo
64,2014-08-20,10:29:00,"(40.85669991304348, -73.91635356521739)",diplo
65,2014-08-21,08:59:00,"(40.85690085507247, -73.91629327536232)",diplo
67,2014-08-26,08:51:00,"(40.861407, -73.90411254545455)",diplo
68,2014-08-27,14:59:00,"(40.86381652, -73.90158476)",diplo
69,2014-08-30,19:44:00,"(40.8571596, -73.8841234)",diplo
70,2014-08-31,05:30:00,"(40.86356251724138, -73.89147420689656)",diplo
71,2014-08-31,20:14:00,"(40.859138, -73.9054911)",diplo
72,2014-08-31,21:11:00,"(37.260848975563114, -121.92076521674481)",diplo
73,2014-09-02,06:32:00,"(40.81810409090909, -73.9197684935065)",diplo
74,2014-09-03,13:02:00,"(40.86381652, -73.90158476)",diplo
75,2014-09-07,17:32:00,"(40.859138, -73.9054911)",diplo
76,2014-09-07,20:44:00,"(40.847055049999994, -73.92448552571253)",diplo
77,2014-09-07,22:24:00,"(41.28433984954887, -73.79349991413936)",diplo
78,2014-09-08,16:49:00,"(40.855944689655175, -73.86465717241379)",diplo
79,2014-09-10,07:31:00,"(40.84799528571429, -73.89113946938775)",diplo
81,2014-09-11,14:49:00,"(-32.921735, 151.6266521)",diplo
82,2014-09-12,18:48:00,"(40.853282285714286, -73.91806535714286)",diplo
83,2014-09-13,11:55:00,"(40.84155394444444, -73.92065647222222)",diplo
84,2014-09-13,21:17:00,"(29.375601642857145, -98.62729257142857)",diplo
85,2014-09-13,21:32:00,"(40.8825094, -73.8829811)",diplo
86,2014-09-14,15:06:00,"(46.6293493, 13.8264485)",diplo
87,2014-09-14,18:34:00,"(40.8545581, -73.8914842)",diplo
88,2014-09-17,00:59:00,"(42.2473593, -71.1211872)",diplo
89,2014-09-18,14:25:00,"(39.5398394, -83.4220782)",diplo
90,2014-09-19,09:54:00,"(41.036073692577574, -73.75755037281695)",diplo
91,2014-09-19,19:43:00,"(40.853282285714286, -73.91806535714286)",diplo
92,2014-09-20,12:06:00,"(31.356334101053168, -85.70489189493239)",diplo
93,2014-09-22,14:44:00,"(40.85743165, -73.8830781)",diplo
94,2014-09-24,07:27:00,"(40.86515, -73.905908)",diplo
95,2014-09-26,00:05:00,"(40.87179311111111, -73.90624892929293)",diplo
96,2014-09-27,23:38:00,"(40.8651822, -73.9024113)",diplo
1,2014-07-01,14:30:00,"(40.85050325, -73.93876779731025)",firstclass
2,2014-07-01,14:54:00,"(40.863295058823525, -73.9229385882353)",firstclass
3,2014-07-02,08:15:00,"(40.8673678, -73.9194509)",firstclass
4,2014-07-02,17:32:00,"(40.8108915, -73.9535166)",firstclass
5,2014-07-04,01:38:00,"(40.86665357142857, -73.91893499999999)",firstclass
8,2014-07-06,08:24:00,"(40.88422653038135, -73.89624622804675)",firstclass
9,2014-07-06,17:52:00,"(40.88499408163265, -73.89949495918367)",firstclass
11,2014-07-07,15:27:00,"(40.8383579, -73.9460098)",firstclass
12,2014-07-08,23:33:00,"(40.8631684, -73.9266571)",firstclass
13,2014-07-10,06:09:00,"(40.855662800000005, -73.9371204807278)",firstclass
14,2014-07-10,20:56:00,"(40.8269293, -73.8832362)",firstclass
15,2014-07-11,00:46:00,"(40.8430426, -73.9363215)",firstclass
18,2014-07-13,09:49:00,"(40.8656305, -73.9243671)",firstclass
19,2014-07-15,10:42:00,"(40.895872, -73.897045)",firstclass
20,2014-07-16,14:47:00,"(40.84164520512821, -73.88369512820512)",firstclass
23,2014-07-17,17:45:00,"(41.5060895, -87.7276868)",firstclass
24,2014-07-17,23:04:00,"(40.868039, -73.919585)",firstclass
26,2014-07-19,12:01:00,"(40.84560888888889, -73.93792277777777)",firstclass
27,2014-07-19,20:27:00,"(40.8655488, -73.9202257)",firstclass
29,2014-07-20,06:09:00,"(40.8643673, -73.9209339)",firstclass
30,2014-07-20,07:39:00,"(40.86378166666667, -73.92714927536232)",firstclass
32,2014-07-21,08:15:00,"(40.85701456521739, -73.90126695652174)",firstclass
34,2014-07-22,07:45:00,"(40.82822202040816, -73.8722053877551)",firstclass
36,2014-07-24,10:49:00,"(43.0910631, -75.6615907)",firstclass
38,2014-07-24,12:45:00,"(40.861132, -73.90626449999999)",firstclass
39,2014-07-24,14:08:00,"(40.8803129, -73.9030281)",firstclass
40,2014-07-24,20:06:00,"(40.86653184210526, -73.92147673684211)",firstclass
41,2014-07-25,02:56:00,"(40.8655536, -73.9234703)",firstclass
42,2014-07-25,08:30:00,"(40.8105395, -73.9155132)",firstclass
46,2014-07-26,04:08:00,"(40.86899909090909, -73.90746881818183)",firstclass
47,2014-07-26,15:31:00,"(40.809150200000005, -73.95154780469765)",firstclass
50,2014-07-27,21:09:00,"(40.87573266666667, -73.9095502)",firstclass
51,2014-07-27,23:18:00,"(40.8642943, -73.8913696)",firstclass
54,2014-07-31,07:39:00,"(40.883111, -73.905187)",firstclass
55,2014-07-31,08:20:00,"(40.8561473, -73.93786719550634)",firstclass
57,2014-08-03,22:28:00,"(40.863512717778576, -73.90648412888568)",firstclass
58,2014-08-04,16:51:00,"(40.8147102, -73.93927818207379)",firstclass
61,2014-08-05,08:40:00,"(40.85661953623188, -73.91637768115942)",firstclass
62,2014-08-05,13:23:00,"(40.8646225, -73.9195022)",firstclass
63,2014-08-06,01:25:00,"(40.8509275, -73.9343447)",firstclass
64,2014-08-07,10:43:00,"(40.87879795918367, -73.90740289795919)",firstclass
68,2014-08-08,13:20:00,"(40.84141464285714, -73.94033185714285)",firstclass
70,2014-08-10,19:19:00,"(40.86653184210526, -73.92147673684211)",firstclass
71,2014-08-11,07:57:00,"(40.85606128571428, -73.90948428571429)",firstclass
77,2014-08-14,14:21:00,"(46.48352785, -81.0046026318286)",firstclass
78,2014-08-15,06:14:00,"(40.8285996, -73.9449021)",firstclass
79,2014-08-15,22:42:00,"(28.52250018367347, -81.35174477551021)",firstclass
80,2014-08-16,00:41:00,"(40.8255737, -73.9189765)",firstclass
83,2014-08-16,14:00:00,"(40.8955677, -73.8596872)",firstclass
85,2014-08-17,00:09:00,"(40.8669464, -73.9191833)",firstclass
86,2014-08-17,02:11:00,"(40.850257673469386, -73.90419285714285)",firstclass
87,2014-08-17,09:30:00,"(40.8634216, -73.9282302)",firstclass
88,2014-08-18,08:45:00,"(40.82696859183674, -73.88081432653061)",firstclass
91,2014-08-20,15:30:00,"(40.9102531, -73.8229734)",firstclass
93,2014-08-21,12:55:00,"(40.87224485, -73.91793881611842)",firstclass
95,2014-08-22,08:03:00,"(40.8013, -73.957522)",firstclass
98,2014-08-23,01:23:00,"(40.8784055, -73.9077526)",firstclass
100,2014-08-24,20:03:00,"(40.8754564, -73.911518)",firstclass
101,2014-08-25,07:25:00,"(40.86848559756592, -73.92586441355989)",firstclass
102,2014-08-25,11:59:00,"(40.869094000000004, -73.9230388030152)",firstclass
103,2014-08-26,05:54:00,"(40.8659788, -73.9041889)",firstclass
104,2014-08-26,07:42:00,"(40.8425023125, -73.93676649999999)",firstclass
105,2014-08-26,19:20:00,"(40.85893477551021, -73.92936524489795)",firstclass
107,2014-08-29,23:01:00,"(38.35709325, -98.79019120536157)",firstclass
108,2014-08-31,09:18:00,"(41.28427124565693, -73.79372488250473)",firstclass
109,2014-09-01,21:45:00,"(39.466453, -94.088097)",firstclass
111,2014-09-02,19:52:00,"(40.8531932, -73.9288931)",firstclass
112,2014-09-03,07:40:00,"(40.86810217241379, -73.92527306896552)",firstclass
113,2014-09-04,00:17:00,"(39.466453, -94.088097)",firstclass
115,2014-09-04,09:20:00,"(40.86691385714286, -73.91994485714285)",firstclass
116,2014-09-04,16:52:00,"(40.86755566666667, -73.919516)",firstclass
117,2014-09-05,10:30:00,"(41.433918, -92.50281)",firstclass
119,2014-09-06,08:56:00,"(40.859138, -73.9054911)",firstclass
120,2014-09-06,11:20:00,"(40.8483005, -73.9411741)",firstclass
121,2014-09-07,10:25:00,"(40.855827000000005, -73.93045671428571)",firstclass
125,2014-09-07,22:54:00,"(40.88070032816177, -73.89743432108402)",firstclass
127,2014-09-09,10:41:00,"(40.8761332, -73.9116136)",firstclass
130,2014-09-12,13:00:00,"(40.8434441, -73.9430029)",firstclass
131,2014-09-12,18:20:00,"(40.87464441666666, -73.91084775)",firstclass
132,2014-09-13,11:13:00,"(40.8784055, -73.9077526)",firstclass
135,2014-09-14,22:02:00,"(40.87715923604444, -73.90927676395556)",firstclass
136,2014-09-15,09:00:00,"(40.7553218, -73.9442022)",firstclass
138,2014-09-15,13:52:00,"(40.84478, -73.940644)",firstclass
139,2014-09-16,09:29:00,"(40.8361921, -73.94727406981741)",firstclass
140,2014-09-16,13:02:00,"(46.4602798, -80.9991152)",firstclass
142,2014-09-18,23:24:00,"(40.870469731049354, -73.9045616130344)",firstclass
143,2014-09-19,15:34:00,"(41.5060895, -87.7276868)",firstclass
144,2014-09-19,18:06:00,"(42.2473593, -71.1211872)",firstclass
146,2014-09-21,01:35:00,"(39.466453, -94.088097)",firstclass
148,2014-09-21,03:09:00,"(40.8323266, -73.9358259)",firstclass
149,2014-09-21,21:38:00,"(40.010494949999995, -105.27112553734074)",firstclass
152,2014-09-23,08:15:00,"(40.81875214285714, -73.82010840816326)",firstclass
153,2014-09-24,08:51:00,"(40.862131, -73.923518)",firstclass
154,2014-09-24,13:30:00,"(40.71478616942786, -73.35319890815653)",firstclass
155,2014-09-25,05:53:00,"(40.8860906, -73.9089593)",firstclass
156,2014-09-25,09:34:00,"(40.809150200000005, -73.95154780469765)",firstclass
158,2014-09-26,10:30:00,"(40.6661842, -73.8222243)",firstclass
159,2014-09-26,14:58:00,"(40.815725428571426, -73.95996742857142)",firstclass
160,2014-09-27,07:29:00,"(40.88633654545455, -73.90670554545454)",firstclass
161,2014-09-28,10:50:00,"(40.86001839278776, -73.91020973536939)",firstclass
162,2014-09-29,15:04:00,"(40.83877644444445, -73.94350911111111)",firstclass
165,2014-09-30,12:48:00,"(44.808528, -63.68233685779816)",firstclass
0,2014-07-02,00:07:00,"(40.83000961538462, -73.91435384615384)",highclass
1,2014-07-03,09:15:00,"(40.85581785, -73.86597648118078)",highclass
2,2014-07-05,14:34:00,"(40.867361372881355, -73.88502383050847)",highclass
3,2014-07-06,21:41:00,"(40.86294126086956, -73.92416473913043)",highclass
4,2014-07-08,22:31:00,"(43.1502296, -77.5656976)",highclass
5,2014-07-09,03:37:00,"(40.848767, -73.9029687)",highclass
6,2014-07-09,11:10:00,"(40.868615, -73.894878)",highclass
7,2014-07-09,18:46:00,"(40.855462823529415, -73.89784794117647)",highclass
8,2014-07-11,10:56:00,"(40.85688131034483, -73.89421224137931)",highclass
9,2014-07-11,22:39:00,"(40.8607965, -73.9066103)",highclass
11,2014-07-12,10:26:00,"(40.50924558360161, -78.38791940127749)",highclass
12,2014-07-12,20:46:00,"(40.86365, -73.902505)",highclass
13,2014-07-13,01:35:00,"(40.857094, -73.905725375)",highclass
14,2014-07-14,19:46:00,"(40.8600075, -73.9100922)",highclass
16,2014-07-15,08:41:00,"(31.356716297978124, -85.70494807861961)",highclass
17,2014-07-16,11:44:00,"(40.871425, -73.870403)",highclass
18,2014-07-16,21:40:00,"(40.86589746808511, -73.89216810638298)",highclass
20,2014-07-18,11:49:00,"(40.866789545454544, -73.88913127272727)",highclass
21,2014-07-18,15:40:00,"(40.86007109501807, -73.90887290044286)",highclass
22,2014-07-18,22:30:00,"(40.842767510204084, -73.92079820408163)",highclass
24,2014-07-19,21:54:00,"(40.885158, -73.8648831)",highclass
25,2014-07-20,16:17:00,"(40.8615014, -73.9111191)",highclass
26,2014-07-20,16:41:00,"(40.869457000000004, -73.8886375)",highclass
27,2014-07-22,02:17:00,"(43.3864621, -123.3122962)",highclass
28,2014-07-22,12:04:00,"(40.8522319, -73.8859885)",highclass
29,2014-07-22,17:09:00,"(40.88105800512261, -73.89753765065416)",highclass
30,2014-07-23,03:16:00,"(40.75216233333333, -73.58787822222222)",highclass
32,2014-07-26,19:35:00,"(40.860660571428575, -73.90549477142858)",highclass
33,2014-07-26,22:34:00,"(40.81848942105263, -73.92214157894736)",highclass
34,2014-07-27,12:27:00,"(40.82691118367347, -73.82661385714286)",highclass
35,2014-07-28,15:24:00,"(40.857090827586205, -73.89405981034483)",highclass
36,2014-07-29,08:20:00,"(39.98480404413173, -82.98598254172994)",highclass
38,2014-07-29,14:27:00,"(40.847788736842105, -73.88925705263158)",highclass
39,2014-07-29,15:06:00,"(40.83583051020408, -73.92016753061225)",highclass
40,2014-07-31,12:35:00,"(40.8358228, -73.94661616729272)",highclass
41,2014-08-01,21:12:00,"(34.437767, -119.708103)",highclass
42,2014-08-01,22:12:00,"(40.867943194895524, -73.9072595874961)",highclass
44,2014-08-05,17:27:00,"(40.8603115, -73.9040035)",highclass
45,2014-08-06,01:22:00,"(40.8356562, -73.9041234)",highclass
46,2014-08-07,14:19:00,"(40.8613295, -73.9112558)",highclass
47,2014-08-07,20:22:00,"(40.860854483870966, -73.90115322580645)",highclass
48,2014-08-08,06:47:00,"(40.870049, -73.8987672)",highclass
49,2014-08-08,22:34:00,"(40.828157545454545, -73.94068536363636)",highclass
50,2014-08-09,06:44:00,"(40.8554825882353, -73.89783552941176)",highclass
53,2014-08-10,15:13:00,"(40.8688435, -73.8903594)",highclass
54,2014-08-11,09:53:00,"(40.8550655, -73.9026059)",highclass
56,2014-08-12,06:15:00,"(40.84979003448276, -73.89732527586207)",highclass
57,2014-08-12,23:51:00,"(40.8587307, -73.9046745)",highclass
58,2014-08-13,08:45:00,"(40.8630584, -73.9032006)",highclass
59,2014-08-15,20:23:00,"(40.58865404008908, -73.94668456347439)",highclass
60,2014-08-16,15:46:00,"(40.86298278947368, -73.89959431578947)",highclass
62,2014-08-18,23:12:00,"(40.856012, -73.9040862)",highclass
63,2014-08-19,16:42:00,"(40.83583051020408, -73.92016753061225)",highclass
64,2014-08-20,21:31:00,"(40.847909, -73.9160912173913)",highclass
65,2014-08-21,04:08:00,"(40.84480557894737, -73.880176)",highclass
67,2014-08-22,11:09:00,"(40.86870721428571, -73.89399007142858)",highclass
68,2014-08-23,04:27:00,"(40.834237897959184, -73.91550628571429)",highclass
69,2014-08-23,11:41:00,"(40.85657776923077, -73.89275676923077)",highclass
70,2014-08-24,02:50:00,"(40.85690085507247, -73.91629327536232)",highclass
72,2014-08-24,15:10:00,"(40.83358166666667, -73.92498416666668)",highclass
73,2014-08-24,18:42:00,"(40.83572951724138, -73.92439762068966)",highclass
74,2014-08-25,04:21:00,"(34.01393190909091, -118.32025269696969)",highclass
76,2014-08-25,14:30:00,"(42.2473593, -71.1211872)",highclass
77,2014-08-25,18:06:00,"(40.82198812, -73.91409603999999)",highclass
78,2014-08-26,18:33:00,"(31.356710838022057, -85.70494727599551)",highclass
79,2014-08-27,00:13:00,"(40.834412538461535, -73.92541707692307)",highclass
80,2014-08-28,08:01:00,"(40.88499408163265, -73.89949495918367)",highclass
83,2014-08-29,17:42:00,"(40.852829, -73.8383833)",highclass
84,2014-08-29,19:58:00,"(40.872828, -73.87927671428571)",highclass
85,2014-08-30,13:59:00,"(40.841375, -73.927912)",highclass
86,2014-08-30,16:48:00,"(40.84794855, -73.91130244317698)",highclass
87,2014-08-31,00:17:00,"(40.840211708333335, -73.916672625)",highclass
88,2014-09-01,02:51:00,"(40.87179311111111, -73.90624892929293)",highclass
90,2014-09-02,10:14:00,"(42.5077508, -70.9475558)",highclass
92,2014-09-03,12:55:00,"(41.71980029595194, -72.927034)",highclass
93,2014-09-03,14:08:00,"(40.8615014, -73.9111191)",highclass
94,2014-09-03,15:51:00,"(40.80834902564103, -73.91288802564102)",highclass
95,2014-09-04,09:20:00,"(40.8550655, -73.9026059)",highclass
96,2014-09-04,19:32:00,"(40.865033, -73.92429225000001)",highclass
97,2014-09-05,06:11:00,"(40.86087237455045, -73.913177379461)",highclass
98,2014-09-05,07:09:00,"(40.866789928308826, -73.89226572303046)",highclass
99,2014-09-05,12:58:00,"(40.86827618181818, -73.89546263636363)",highclass
100,2014-09-05,21:21:00,"(40.8615014, -73.9111191)",highclass
101,2014-09-06,10:42:00,"(40.8399912, -73.8489003)",highclass
102,2014-09-06,13:09:00,"(39.53996112244898, -83.42266261224489)",highclass
103,2014-09-07,16:58:00,"(40.837089142857145, -73.91743699999999)",highclass
104,2014-09-07,18:20:00,"(40.815752775862066, -73.92001781034483)",highclass
105,2014-09-10,07:09:00,"(40.87041975, -73.90119)",highclass
106,2014-09-10,07:18:00,"(40.83878625, -73.918322875)",highclass
107,2014-09-11,23:02:00,"(29.375332867346938, -98.62714832653062)",highclass
108,2014-09-12,10:00:00,"(40.88373260869565, -73.89404360869565)",highclass
109,2014-09-12,19:38:00,"(40.860039105263155, -73.906052)",highclass
110,2014-09-13,00:35:00,"(40.87292261538462, -73.89969238461538)",highclass
111,2014-09-13,13:55:00,"(40.847072875, -73.891455875)",highclass
112,2014-09-13,14:12:00,"(40.845524222222224, -73.88150277777778)",highclass
113,2014-09-13,23:24:00,"(40.8411481, -73.9257592)",highclass
114,2014-09-14,10:47:00,"(40.8582722, -73.9019397)",highclass
115,2014-09-15,01:53:00,"(40.87336448275862, -73.88450393103447)",highclass
117,2014-09-16,15:59:00,"(40.83572935294117, -73.92548705882353)",highclass
118,2014-09-17,02:08:00,"(33.866032479189926, -118.27121163622283)",highclass
119,2014-09-17,05:01:00,"(40.8615014, -73.9111191)",highclass
120,2014-09-17,11:31:00,"(42.70792742857142, -84.56981271428572)",highclass
121,2014-09-17,13:33:00,"(40.8244062, -73.9259278)",highclass
122,2014-09-18,12:17:00,"(40.8535325, -73.843157)",highclass
123,2014-09-19,09:24:00,"(40.884144204081636, -73.85388991836734)",highclass
125,2014-09-19,18:36:00,"(40.85809042857142, -73.86477557142858)",highclass
126,2014-09-20,00:12:00,"(40.85009001513274, -73.91366456083347)",highclass
127,2014-09-20,12:56:00,"(40.83108175, -73.92932070833334)",highclass
128,2014-09-20,17:07:00,"(40.8560882, -73.8882417)",highclass
129,2014-09-20,18:40:00,"(40.85361693877551, -73.88170479591837)",highclass
130,2014-09-21,02:19:00,"(40.86592704545455, -73.9029905)",highclass
131,2014-09-21,13:53:00,"(40.85414274074074, -73.8931037037037)",highclass
132,2014-09-22,06:46:00,"(40.87733983079932, -73.8741898556592)",highclass
133,2014-09-22,07:22:00,"(40.83542473469387, -73.91795230612244)",highclass
134,2014-09-22,14:21:00,"(40.859013250000004, -73.90148124999999)",highclass
135,2014-09-22,15:21:00,"(40.85227144444444, -73.88433944444445)",highclass
137,2014-09-23,18:29:00,"(40.83458132653061, -73.9153062857143)",highclass
138,2014-09-23,22:15:00,"(40.87166770588235, -73.89928770588234)",highclass
141,2014-09-25,15:50:00,"(40.8527551, -73.898773)",highclass
142,2014-09-26,00:26:00,"(40.828089999999996, -73.916952)",highclass
143,2014-09-26,04:01:00,"(40.844474363636365, -73.86181690909092)",highclass
144,2014-09-27,11:58:00,"(40.85504643243243, -73.883171)",highclass
145,2014-09-27,19:55:00,"(40.85007262962963, -73.900625)",highclass
146,2014-09-28,14:44:00,"(40.864585704545455, -73.90100106818181)",highclass
147,2014-09-28,18:38:00,"(40.871654, -73.891118)",highclass
149,2014-09-29,21:09:00,"(40.86045705405405, -73.90687443243243)",highclass
150,2014-09-30,22:02:00,"(40.8619552, -73.9004618)",highclass
1,2014-07-01,14:14:00,"(40.8652684, -73.8678524)",prestige
4,2014-07-01,23:53:00,"(40.848002300000005, -73.84378242145698)",prestige
7,2014-07-03,10:47:00,"(40.8793505, -73.8769561)",prestige
8,2014-07-03,19:38:00,"(40.892533, -73.910033)",prestige
9,2014-07-04,00:07:00,"(40.87277814285714, -73.84629514285714)",prestige
11,2014-07-04,15:34:00,"(40.8711232, -73.8765571)",prestige
13,2014-07-05,21:11:00,"(42.149185188243074, -72.47649469448109)",prestige
15,2014-07-06,04:05:00,"(40.87502728571429, -73.87509964285714)",prestige
16,2014-07-06,16:00:00,"(40.871436, -73.862226)",prestige
17,2014-07-06,17:47:00,"(40.870249183673465, -73.83710393877551)",prestige
19,2014-07-06,23:41:00,"(40.88494071428571, -73.85639357142857)",prestige
21,2014-07-07,07:14:00,"(40.839545, -73.8659622)",prestige
22,2014-07-07,09:02:00,"(40.8531854, -73.8647137)",prestige
23,2014-07-07,09:17:00,"(40.88161848979592, -73.85897628571428)",prestige
24,2014-07-07,10:13:00,"(40.86948366666667, -73.85052033333334)",prestige
25,2014-07-07,12:18:00,"(40.8675431, -73.8661487)",prestige
26,2014-07-07,14:38:00,"(40.871970795918365, -73.87040530612245)",prestige
27,2014-07-08,06:06:00,"(40.842102555555556, -73.85583055555556)",prestige
28,2014-07-08,07:31:00,"(40.87691911050129, -73.87313553451837)",prestige
29,2014-07-08,09:30:00,"(40.834629594594595, -73.91317424324325)",prestige
30,2014-07-08,18:26:00,"(40.87730344802714, -73.87502839929951)",prestige
31,2014-07-08,18:41:00,"(40.8439425, -73.86434575)",prestige
32,2014-07-10,08:37:00,"(40.8591566, -73.8640064)",prestige
33,2014-07-11,00:26:00,"(40.83630475510204, -73.90164387755102)",prestige
34,2014-07-11,00:33:00,"(40.8859066118421, -73.87874054605263)",prestige
36,2014-07-11,22:25:00,"(40.837089142857145, -73.91743699999999)",prestige
37,2014-07-12,02:04:00,"(40.8377261, -73.917614)",prestige
38,2014-07-12,13:35:00,"(40.869599125, -73.868662125)",prestige
39,2014-07-12,19:29:00,"(38.00371474863388, -103.55159485792349)",prestige
40,2014-07-12,19:46:00,"(40.82624485714286, -73.90206871428572)",prestige
41,2014-07-12,20:55:00,"(40.883438469387755, -73.86538536734695)",prestige
43,2014-07-13,11:31:00,"(40.865992545454546, -73.86433663636365)",prestige
44,2014-07-13,20:21:00,"(40.87524567346939, -73.83864204081632)",prestige
45,2014-07-13,22:13:00,"(40.88216112244898, -73.8846153877551)",prestige
46,2014-07-14,11:10:00,"(37.424765199999996, -122.16926861345542)",prestige
47,2014-07-14,12:39:00,"(40.86585475510204, -73.8396726122449)",prestige
48,2014-07-14,20:35:00,"(40.8693353, -73.8242015)",prestige
50,2014-07-15,15:28:00,"(37.424765199999996, -122.16926861345542)",prestige
51,2014-07-15,21:41:00,"(40.844866499999995, -73.8674235)",prestige
52,2014-07-16,06:53:00,"(40.87463843478261, -73.87404749275363)",prestige
53,2014-07-16,08:38:00,"(40.8758946, -73.8804367)",prestige
54,2014-07-16,08:41:00,"(40.8801292, -73.8581679)",prestige
55,2014-07-16,12:03:00,"(40.85295966169498, -73.85886211557528)",prestige
56,2014-07-16,21:51:00,"(40.84752780645161, -73.86111719354838)",prestige
58,2014-07-18,10:24:00,"(40.852842, -73.8637602)",prestige
59,2014-07-18,14:53:00,"(40.8766527, -73.8798532)",prestige
60,2014-07-19,11:06:00,"(40.877294, -73.90316142857142)",prestige
61,2014-07-20,11:53:00,"(40.84685402040816, -73.90455991836734)",prestige
62,2014-07-21,10:02:00,"(40.832236, -73.927089)",prestige
64,2014-07-21,12:06:00,"(40.861659, -73.8612943)",prestige
65,2014-07-21,19:47:00,"(40.87505339285714, -73.87586675)",prestige
66,2014-07-21,22:20:00,"(40.879704000000004, -73.864219)",prestige
67,2014-07-21,23:52:00,"(40.8680189, -73.8642519)",prestige
68,2014-07-22,03:11:00,"(40.88395740816327, -73.86168081632653)",prestige
69,2014-07-22,23:01:00,"(40.89676053061224, -73.86926691836734)",prestige
71,2014-07-23,07:10:00,"(40.87327042857143, -73.85164157142857)",prestige
72,2014-07-23,08:09:00,"(40.872051489795915, -73.87899767346939)",prestige
73,2014-07-23,19:24:00,"(40.86518233333333, -73.89150961111112)",prestige
74,2014-07-24,14:02:00,"(40.8750899, -73.8755702)",prestige
75,2014-07-24,15:06:00,"(40.8522746, -73.8655775)",prestige
76,2014-07-24,20:00:00,"(40.85809666666667, -73.89752277777778)",prestige
77,2014-07-24,20:34:00,"(40.875487965517245, -73.87344455172413)",prestige
78,2014-07-24,22:25:00,"(40.84645948979592, -73.83175253061225)",prestige
79,2014-07-24,23:46:00,"(40.8515145, -73.8835185)",prestige
81,2014-07-25,08:24:00,"(40.8828225, -73.878033)",prestige
82,2014-07-25,12:42:00,"(40.816632897058824, -73.84895426470588)",prestige
83,2014-07-25,16:46:00,"(40.87110709090909, -73.8533333939394)",prestige
84,2014-07-25,17:27:00,"(32.748708, -117.133646)",prestige
86,2014-07-26,00:48:00,"(40.88426911764706, -73.87877970588235)",prestige
88,2014-07-26,11:21:00,"(40.8472666, -73.8650382)",prestige
89,2014-07-26,18:41:00,"(40.82499958823529, -73.91384094117646)",prestige
91,2014-07-27,06:48:00,"(40.8162917, -73.82285485)",prestige
92,2014-07-27,21:33:00,"(38.2264715, -85.8113258)",prestige
93,2014-07-27,21:43:00,"(40.869604, -73.868065)",prestige
95,2014-07-28,12:03:00,"(40.86586266666667, -73.86361666666667)",prestige
96,2014-07-28,12:30:00,"(29.965713224489797, -90.06300575510204)",prestige
97,2014-07-28,16:25:00,"(40.87362763265306, -73.87025802040817)",prestige
99,2014-07-28,23:19:00,"(40.86565377777778, -73.85299040404041)",prestige
101,2014-07-29,22:56:00,"(40.807280999999996, -73.92280769387756)",prestige
102,2014-07-30,06:01:00,"(40.8750899, -73.8755702)",prestige
103,2014-07-31,05:47:00,"(40.8574733, -73.8890288)",prestige
104,2014-07-31,10:30:00,"(40.89945842857143, -73.855853)",prestige
105,2014-07-31,13:45:00,"(40.8769603, -73.8746326)",prestige
107,2014-08-01,05:34:00,"(40.8531683, -73.8647157)",prestige
108,2014-08-01,05:47:00,"(40.85419748148148, -73.8930554074074)",prestige
109,2014-08-01,11:19:00,"(40.853503536231884, -73.908655057971)",prestige
110,2014-08-01,13:12:00,"(40.86155869387755, -73.84191030612244)",prestige
111,2014-08-01,21:03:00,"(40.87530382758621, -73.8743497586207)",prestige
112,2014-08-01,23:59:00,"(40.873131, -73.866933)",prestige
113,2014-08-02,08:53:00,"(40.83383264516129, -73.82743761290322)",prestige
114,2014-08-02,11:19:00,"(40.876734, -73.8638889)",prestige
116,2014-08-02,16:56:00,"(40.8587429, -73.8692489)",prestige
117,2014-08-03,01:55:00,"(40.82477683673469, -73.82091504081633)",prestige
118,2014-08-03,04:04:00,"(40.87894671428572, -73.86761383673469)",prestige
119,2014-08-03,07:43:00,"(46.21474504819901, 15.394222413747798)",prestige
120,2014-08-03,13:18:00,"(40.88992973469388, -73.8543752244898)",prestige
121,2014-08-03,18:28:00,"(40.8800026, -73.8729847)",prestige
122,2014-08-05,08:41:00,"(40.8414492, -73.9144519)",prestige
123,2014-08-05,13:16:00,"(40.8336416, -73.9201698)",prestige
124,2014-08-05,21:33:00,"(40.8316582244898, -73.86354597959183)",prestige
125,2014-08-05,23:05:00,"(40.8571596, -73.8841234)",prestige
127,2014-08-06,13:49:00,"(40.90023711111111, -73.86539455555555)",prestige
128,2014-08-06,14:59:00,"(40.8792464, -73.8677382)",prestige
129,2014-08-06,15:04:00,"(40.872685142857144, -73.84702742857142)",prestige
130,2014-08-06,20:43:00,"(40.870049, -73.8987672)",prestige
131,2014-08-07,08:10:00,"(40.8656924, -73.8643256)",prestige
132,2014-08-07,14:59:00,"(40.83280227027027, -73.91026254054053)",prestige
133,2014-08-07,19:11:00,"(40.8418772, -73.9177233)",prestige
134,2014-08-08,07:52:00,"(40.86643423404255, -73.89172755319149)",prestige
135,2014-08-08,08:42:00,"(40.84493353333333, -73.88128540000001)",prestige
136,2014-08-08,09:52:00,"(40.8786174, -73.8816109)",prestige
137,2014-08-08,10:04:00,"(40.86096990697674, -73.85742960465116)",prestige
138,2014-08-08,21:59:00,"(40.873829, -73.8616458)",prestige
139,2014-08-09,07:07:00,"(40.87922318367347, -73.87223036734694)",prestige
140,2014-08-09,12:05:00,"(40.86785790909091, -73.89016818181818)",prestige
142,2014-08-10,07:46:00,"(46.21474504819901, 15.394222413747798)",prestige
143,2014-08-10,14:16:00,"(40.87741865306123, -73.84171526530612)",prestige
145,2014-08-10,18:22:00,"(41.2543909, -73.0145692)",prestige
146,2014-08-10,23:21:00,"(40.8379846, -73.8643941)",prestige
147,2014-08-10,23:33:00,"(40.8792464, -73.8677382)",prestige
148,2014-08-11,11:12:00,"(40.8733187368421, -73.88650968421052)",prestige
149,2014-08-11,12:39:00,"(41.2543909, -73.0145692)",prestige
150,2014-08-12,05:15:00,"(40.87920969387755, -73.8732574489796)",prestige
151,2014-08-12,06:39:00,"(39.198584352370936, -85.89932600105202)",prestige
153,2014-08-13,01:12:00,"(40.8524946, -73.8672785)",prestige
154,2014-08-13,13:24:00,"(40.852528, -73.90232373913044)",prestige
155,2014-08-15,16:52:00,"(40.86620419148936, -73.89191636170213)",prestige
156,2014-08-16,05:16:00,"(40.85317380769231, -73.86684238461538)",prestige
157,2014-08-16,14:32:00,"(40.87336448275862, -73.88450393103447)",prestige
158,2014-08-16,18:11:00,"(40.8907992, -73.8630917)",prestige
159,2014-08-16,19:05:00,"(40.876080333333334, -73.87972146666667)",prestige
161,2014-08-17,05:52:00,"(40.875384, -73.8793482)",prestige
163,2014-08-18,02:38:00,"(40.882358918367345, -73.87917483673469)",prestige
164,2014-08-18,07:49:00,"(40.883051967741935, -73.87969793548386)",prestige
166,2014-08-18,08:28:00,"(40.87183239583333, -73.89885954166667)",prestige
167,2014-08-18,14:35:00,"(40.60773833165829, -74.02592254271357)",prestige
168,2014-08-19,01:06:00,"(40.85475242857143, -73.89342357142857)",prestige
169,2014-08-19,02:29:00,"(40.873181714285714, -73.88034142857143)",prestige
170,2014-08-19,05:39:00,"(40.8758946, -73.8804367)",prestige
171,2014-08-20,06:33:00,"(40.87935124489796, -73.87217648979592)",prestige
172,2014-08-20,14:08:00,"(40.86775354545455, -73.88596909090909)",prestige
173,2014-08-20,14:28:00,"(39.40770986792098, -77.41118487839228)",prestige
174,2014-08-21,05:52:00,"(40.83516445, -73.90551366746078)",prestige
176,2014-08-22,13:34:00,"(40.8747235, -73.8792542)",prestige
177,2014-08-22,19:55:00,"(40.867898181818184, -73.86316881818182)",prestige
178,2014-08-22,23:07:00,"(40.8679656, -73.8645636)",prestige
181,2014-08-24,00:19:00,"(40.87694, -73.861482)",prestige
182,2014-08-25,01:21:00,"(40.885249765651864, -73.86614439740934)",prestige
183,2014-08-25,07:35:00,"(40.862367, -73.857866)",prestige
185,2014-08-25,09:38:00,"(40.8522852, -73.8441794)",prestige
187,2014-08-26,23:05:00,"(40.85594868965517, -73.8648731724138)",prestige
188,2014-08-27,03:00:00,"(40.8260548, -73.8545121)",prestige
189,2014-08-27,05:24:00,"(48.83922575, -67.53249233029149)",prestige
190,2014-08-27,12:06:00,"(40.8491348, -73.83195501079382)",prestige
191,2014-08-27,15:00:00,"(39.01019185714286, -94.58884857142857)",prestige
192,2014-08-27,17:37:00,"(40.85879706122449, -73.86666110204082)",prestige
194,2014-08-28,08:18:00,"(40.87116776271186, -73.87890971186441)",prestige
195,2014-08-28,20:48:00,"(40.873262, -73.877092)",prestige
196,2014-08-28,23:03:00,"(40.87863956875, -73.8690335875)",prestige
197,2014-08-29,10:26:00,"(40.81703651851852, -73.90957129629629)",prestige
198,2014-08-29,13:33:00,"(40.87414115384615, -73.87546534615385)",prestige
200,2014-08-30,06:56:00,"(40.846242063730315, -73.86854795718646)",prestige
202,2014-08-31,09:35:00,"(40.863443181818184, -73.84090918181819)",prestige
203,2014-08-31,15:33:00,"(40.88081430612245, -73.86593646938776)",prestige
204,2014-09-01,04:59:00,"(40.832186, -73.912811)",prestige
206,2014-09-01,21:06:00,"(40.86783120408163, -73.85385895918367)",prestige
207,2014-09-02,00:11:00,"(40.8786163, -73.8727634)",prestige
208,2014-09-02,09:27:00,"(40.879630931034484, -73.84886837931035)",prestige
209,2014-09-02,18:33:00,"(40.86776836734694, -73.88510969387755)",prestige
211,2014-09-03,07:30:00,"(40.81694066666667, -73.90961066666667)",prestige
212,2014-09-03,10:16:00,"(40.84525236734694, -73.86777471428572)",prestige
213,2014-09-03,19:41:00,"(40.84782579591837, -73.85922167346939)",prestige
214,2014-09-03,20:11:00,"(40.878423222222224, -73.88171677777778)",prestige
215,2014-09-04,02:05:00,"(40.880450125, -73.85494262499999)",prestige
216,2014-09-04,04:44:00,"(40.8859066118421, -73.87874054605263)",prestige
217,2014-09-04,13:59:00,"(40.8574302, -73.8962985)",prestige
218,2014-09-05,07:24:00,"(40.87453952173913, -73.87410372463768)",prestige
219,2014-09-05,11:11:00,"(40.8592328, -73.8633208)",prestige
221,2014-09-05,23:16:00,"(40.8718713, -73.8827637)",prestige
222,2014-09-05,23:17:00,"(40.8457303, -73.8628435)",prestige
224,2014-09-06,03:13:00,"(40.85061456921489, -73.91950496986976)",prestige
225,2014-09-06,11:24:00,"(40.87919634693878, -73.87246969387755)",prestige
226,2014-09-06,15:09:00,"(40.854141020408164, -73.85566491836734)",prestige
227,2014-09-06,19:31:00,"(40.8632718, -73.8638801)",prestige
228,2014-09-06,23:33:00,"(40.873813, -73.90182)",prestige
229,2014-09-07,07:55:00,"(40.861362, -73.912239325)",prestige
230,2014-09-07,13:53:00,"(40.856494999999995, -73.88468571428571)",prestige
231,2014-09-07,17:18:00,"(40.8797384, -73.8742963)",prestige
232,2014-09-07,20:14:00,"(40.8663524, -73.861801)",prestige
233,2014-09-08,08:52:00,"(40.8798876, -73.8613033)",prestige
236,2014-09-08,22:29:00,"(37.14586347022383, -91.35864847132257)",prestige
237,2014-09-09,10:03:00,"(40.8756156, -73.8762588)",prestige
239,2014-09-11,06:46:00,"(40.8749171, -73.8255002)",prestige
240,2014-09-11,17:34:00,"(40.874134999999995, -73.86468028571429)",prestige
241,2014-09-12,02:02:00,"(40.8120251, -73.90681889002127)",prestige
242,2014-09-12,08:47:00,"(40.86895214285714, -73.89096928571429)",prestige
243,2014-09-12,20:44:00,"(40.8716303, -73.8691414)",prestige
244,2014-09-12,21:32:00,"(40.84417622448979, -73.86641618367346)",prestige
245,2014-09-13,14:53:00,"(40.84828763265306, -73.85000132653062)",prestige
246,2014-09-13,15:45:00,"(40.883208968750004, -73.87982884375)",prestige
249,2014-09-13,23:14:00,"(40.8689684, -73.8646394)",prestige
250,2014-09-14,01:17:00,"(40.881643857142855, -73.88397571428571)",prestige
251,2014-09-14,08:11:00,"(40.87414115384615, -73.87546534615385)",prestige
252,2014-09-14,08:26:00,"(40.86979236734694, -73.86327402040817)",prestige
254,2014-09-14,21:57:00,"(40.8137404, -73.9236335)",prestige
256,2014-09-15,06:43:00,"(40.8545481, -73.8821423)",prestige
257,2014-09-15,14:36:00,"(40.8792464, -73.8677382)",prestige
258,2014-09-15,21:29:00,"(40.85880833333333, -73.87063708333334)",prestige
260,2014-09-16,00:23:00,"(40.8801578, -73.8757165)",prestige
261,2014-09-16,08:26:00,"(40.84603591176471, -73.88771664705882)",prestige
262,2014-09-16,08:50:00,"(40.882391734693876, -73.88435232653062)",prestige
263,2014-09-16,14:32:00,"(40.847674624999996, -73.85348524999999)",prestige
264,2014-09-16,16:23:00,"(32.798883, -117.237406)",prestige
265,2014-09-16,16:59:00,"(40.8923419, -73.8535295)",prestige
267,2014-09-17,08:17:00,"(40.856575710526315, -73.8627567631579)",prestige
268,2014-09-17,08:29:00,"(40.87416267857142, -73.87653175)",prestige
269,2014-09-17,13:51:00,"(40.83912896551724, -73.83492120689655)",prestige
272,2014-09-18,05:43:00,"(40.8468191, -73.8554762)",prestige
273,2014-09-18,11:27:00,"(40.85039679591837, -73.85820375510204)",prestige
274,2014-09-18,22:16:00,"(40.8542507, -73.8658847)",prestige
275,2014-09-19,07:52:00,"(40.8672371, -73.8856801)",prestige
277,2014-09-20,00:10:00,"(40.8803725, -73.878898)",prestige
280,2014-09-20,19:37:00,"(40.87728118627307, -73.84770961214653)",prestige
282,2014-09-20,22:52:00,"(40.8810736122449, -73.86251)",prestige
283,2014-09-21,16:25:00,"(40.863235, -73.8640605)",prestige
284,2014-09-22,06:19:00,"(40.85608891836735, -73.86183404081633)",prestige
285,2014-09-22,08:20:00,"(40.87508384848485, -73.88513818181818)",prestige
286,2014-09-22,09:47:00,"(40.820918, -73.9174695)",prestige
287,2014-09-23,08:13:00,"(40.872932437500005, -73.87651125)",prestige
288,2014-09-23,08:38:00,"(40.8491282, -73.9178585)",prestige
291,2014-09-23,19:48:00,"(40.88360471875, -73.87952759375001)",prestige
294,2014-09-24,08:58:00,"(40.84402442857143, -73.83579771428572)",prestige
295,2014-09-24,12:33:00,"(37.424765199999996, -122.16926861345542)",prestige
296,2014-09-25,04:06:00,"(40.8791987, -73.872494)",prestige
297,2014-09-25,07:16:00,"(40.882659576923075, -73.87808284615384)",prestige
299,2014-09-25,08:47:00,"(41.5669537, -81.5384423)",prestige
300,2014-09-25,20:02:00,"(40.8622994, -73.8612266)",prestige
301,2014-09-25,20:35:00,"(40.8716919, -73.8779502)",prestige
302,2014-09-26,06:56:00,"(40.88046330769231, -73.86378907692308)",prestige
304,2014-09-26,11:04:00,"(40.88466932653061, -73.86391514285714)",prestige
305,2014-09-26,15:43:00,"(40.83917587096774, -73.90949016129032)",prestige
306,2014-09-26,17:40:00,"(37.424765199999996, -122.16926861345542)",prestige
307,2014-09-26,23:57:00,"(40.87935124489796, -73.87217648979592)",prestige
308,2014-09-27,09:38:00,"(40.8910042, -73.8622169)",prestige
310,2014-09-27,16:35:00,"(38.94360251020408, -95.23284242857143)",prestige
311,2014-09-28,02:02:00,"(40.88399067346939, -73.86178534693877)",prestige
312,2014-09-28,07:18:00,"(40.87678204081632, -73.85872673469387)",prestige
313,2014-09-28,09:13:00,"(40.8768236875, -73.853798)",prestige
314,2014-09-29,08:48:00,"(40.8350854, -73.9118444)",prestige
317,2014-09-29,17:00:00,"(40.859985040816326, -73.84296128571428)",prestige
319,2014-09-30,23:39:00,"(40.848002300000005, -73.84378242145698)",prestige
